Author,Comment,Timestamp
@MR_SHIVAM6,Sanvi choni hair guysss,2025-01-30T06:54:08Z
@GyanchandraNishad-m5w,What a song yaar ğŸ˜ğŸ˜ğŸ˜ğŸ˜ğŸ˜ğŸ˜ super song,2025-01-29T12:27:51Z
@AashuSaini-h3m,Sytem hai honey Singh ka 2025 29 jan ko yaad aa gaya song love doseâ¤,2025-01-29T06:13:04Z
@ShankarRaiRayShankar,â¤â¤â¤â¤â¤â¤â¤â¤â¤â¤â¤â¤â¤â¤â¤â¤â¤â¤â¤â¤â¤â¤â¤â¤â¤â¤â¤ğŸ˜‚ğŸ˜‚ğŸ˜‚ğŸ˜‚ğŸ˜‚ğŸ˜‚ğŸ˜‚ğŸ˜‚ğŸ˜‚ğŸ˜‚ğŸ˜‚ğŸ˜‚ğŸ˜‚ğŸ˜‚ğŸ˜‚ğŸ˜‚ğŸ˜‚ğŸ‰ğŸ‰ğŸ‰ğŸ‰ğŸ‰ğŸ˜‚ğŸ˜‚ğŸ˜‚ğŸ˜‚ğŸ˜‚ğŸ˜‚ğŸ˜‚ğŸ˜‚ğŸ˜‚ğŸ˜‚,2025-01-29T02:24:01Z
@madhujee8569,I  love    uoy    â¤ğŸ˜Š,2025-01-28T12:41:47Z
@madhujee8569,il,2025-01-28T12:40:29Z
@Glamour_Godess,Nostalgia â¤,2025-01-28T05:09:21Z
@prateekkumarshorts4684,Ha to,2025-01-28T02:08:52Z
@Kaleshnath-z4i,Hum,2025-01-23T11:01:21Z
@jagdeeshmeena9347,well done bro ğŸ˜ğŸ˜ğŸ˜ğŸ˜,2025-01-22T16:16:43Z
@pateljalpakalpesh5677,2025,2025-01-22T06:58:03Z
@aryanshukla7044,OkğŸ‰ğŸ‰ğŸ‰,2025-01-21T17:00:05Z
@NikhilChakrapani,"Nice,song,",2025-01-21T15:44:29Z
@AnjanaBalmiki-b2i,AnjnabalmikiğŸ‰ğŸ‰ğŸ‰ğŸ‰ğŸ‰ğŸ‰,2025-01-21T14:35:51Z
@mujahid.mujahid6396,Same ğŸ˜ğŸ˜ğŸ˜ğŸ™‚ğŸ™‚ğŸ™‚â˜ºâ˜ºâ˜ºâ˜ºâ˜ºâ˜ºğŸ¤—ğŸ¤—ğŸ¤—ğŸ¤—,2025-01-21T11:06:07Z
@Coolshorts-wl4qy,20 jan 2025â¤,2025-01-20T13:26:25Z
@RamkirtanRamkrishna,ğŸ‘ğŸ˜Œ,2025-01-18T13:18:38Z
@MS_GAMAR-g3s,I love you too songs â¤â¤,2025-01-18T05:52:10Z
@Jayshreeramsanatani.,Kiska boards exam hai fir bhi songs sune ja rahe ğŸ˜‚,2025-01-17T12:09:32Z
@Thememes168,â¤â¤â¤â¤,2025-01-15T16:15:25Z
@RimaRoy-n3m,2025 mai kon kon sun raha hai ğŸµğŸµ,2025-01-15T13:37:56Z
@MahinderSainiMahinder,So nice song hai â¤â¤â¤â¤â¤â¤ yo yo honey Singh â¤â¤â¤,2025-01-15T08:04:40Z
@Monu-o8f,â¤â¤â¤â¤â¤â¤â¤â¤â¤â¤â¤â¤â¤â¤â¤â¤â¤â¤â¤â¤â¤â¤â¤â¤,2025-01-13T12:09:52Z
@parulmedhi3112,"Kyi rapper ho bai 
Love youğŸ¤Ÿ bro ğŸ¤œ",2025-01-13T05:03:34Z
@LiliKhadiya,12/01/2025,2025-01-12T16:53:28Z
@artTATE-qt5fb,he is my fav ğŸ˜ğŸ™‚ğŸ˜Š,2025-01-12T13:33:55Z
@Assamboyq,Me,2025-01-12T01:18:14Z
@DipanshuYadav-66446,â¤â¤,2025-01-11T14:30:17Z
@R_B_official_333,"àª¶à«àª°à«€ àª°àª¾àª® àª®àª‚àª¦àª¿àª° àªµàª°à«àª·àª—àª¾àª‚àª  | àª¬àª§àª¾ àª°àª¾àª® àª­àª•à«àª¤à«‹àª¨à«‡ àª…àª­àª¿àª¨àª‚àª¦àª¨ Shri Ram One year complete #rammandirayodhya #rb_official_333 @RB_official_,333",2025-01-11T09:12:33Z
@Aditya-i2o,Honey singh is the best rapper in my Life,2025-01-10T08:53:43Z
@sangeetadas449,2025â¤,2025-01-09T13:19:13Z
@KiranVeeru-k1i,2026 kon sunega ye bta tu ğŸ˜…,2025-01-08T19:17:41Z
@P.J.Motivation273Study.,January 2025 vale,2025-01-08T12:14:28Z
@Zudoxyz,Ram kumarâ¤â¤,2025-01-07T16:15:36Z
@NoorHussain-s7n,Honey Singhâ¤ is best but sidhu mosse wala all ways favourite â¤â¤,2025-01-06T12:55:51Z
@devrajsahu7835,2025me kon kon sun rha hai,2025-01-05T05:50:17Z
@atbanjutt, not a crush of everyone crush,2025-01-04T16:29:57Z
@atbanjutt,ya her larki ka crush ni ha,2025-01-04T16:28:19Z
@Rahul-xe7zm,2025 â¤â¤,2025-01-03T16:16:45Z
@SaritaSingh-w4n,Abhi. Kon sun RHA hai 11.44,2025-01-03T05:44:23Z
@Raghavyadav-z9l,2025 m kon sun raha h,2025-01-03T05:27:18Z
@NokpuChung,Hitolughimoâ¤â¤â¤â¤â¤â¤â¤â¤â¤â¤â¤â¤ğŸ˜‚ğŸ˜‚ğŸ˜‚ğŸ˜‚ğŸ˜‚ğŸ˜‚ğŸ˜‚ğŸ‰ğŸ‰ğŸ‰ğŸ‰ğŸ˜¢ğŸ˜¢ğŸ˜®ğŸ˜…ğŸ˜…ğŸ˜ğŸ˜ğŸ˜ğŸ˜ğŸ˜,2025-01-03T05:00:09Z
@SusilaBhatra-b4c,2025,2025-01-02T14:13:37Z
@amarnathgd6763,"January 2025 ,ğŸ‰â¤",2025-01-02T04:47:21Z
@FajanKing-p5e,Khas yarr â¤â¤â¤â¤â¤,2025-01-01T23:21:33Z
@ajayiragadinalawar9120,January 2025 me kon kon sun rahe hai,2025-01-01T14:09:20Z
@12_activity,Who in 2025,2025-01-01T13:29:40Z
@poonamchoudhray4387,Yo yo Honey Singh bestğŸ˜‚ğŸ˜‚,2025-01-01T10:46:54Z
@khushi7658,1 Jan 2025 ğŸ˜‚,2025-01-01T09:25:19Z
@sbs288,2025â¤ğŸ‰,2025-01-01T07:08:34Z
@NikuSeth-x7h,Jan 1/2025 â¤,2025-01-01T02:00:11Z
@PrankaKumari-c3k,Ilovesong,2024-12-31T17:01:25Z
@manikantabarman3757,â¤â¤â¤â¤,2024-12-31T16:33:24Z
@jahlsingh,Ultra pro. LegendğŸ˜…31st december 2024ko sunne waleğŸ˜…ğŸ˜…ğŸ˜…â¤ğŸ‰,2024-12-31T13:02:52Z
@AayushTransports,Kon search karke sunta hai,2024-12-30T13:35:26Z
@muhammedthariq7599,ğŸ˜‚â¤ï¸,2024-12-29T14:34:18Z
@PriyaMeena-dn7pb,â¤â¤â¤,2024-12-29T11:25:27Z
@Kamli-p1m,ğŸ˜‚â¤â¤ğŸ˜‚ğŸ˜‚ğŸ˜‚,2024-12-29T07:19:30Z
@Sarfinamistry,â¤ love all the songs ğŸ˜,2024-12-29T05:30:23Z
@Sarfinamistry,25 December â¤â¤â¤,2024-12-29T05:29:55Z
@Misspunam-s7z,I love your all songâ¤â¤â¤,2024-12-29T03:42:10Z
@divine_anjali,2024 me sun rhe h same energy or effect song ka,2024-12-28T18:52:21Z
@vishalpandey7810,Father of Indian RapğŸ¥°,2024-12-28T10:36:24Z
@ManojboraBora,ğŸ‘ğŸ‘ğŸ‘ğŸ˜ğŸ˜,2024-12-27T08:11:57Z
@Athivijiachu,ğŸ‰ğŸ‰ğŸ‰,2024-12-25T14:42:06Z
@MYTRAVEL3,2024 wale like yoyo,2024-12-25T05:04:57Z
@SumanDebbarma-q9s,2025 only ğŸ‘,2024-12-25T04:56:34Z
@rakeshbhatia5925,ğŸ˜ŠğŸ˜ŠğŸ˜ŠğŸ¤˜ğŸ¤˜ğŸ¤˜ğŸ¤˜ğŸ¤˜ğŸ¤˜ğŸ¤˜ğŸ¤˜,2024-12-25T04:49:26Z
@ArchanaMandal-s7e,I love you honey Singh,2024-12-25T02:43:11Z
@heelaishamal7241,King of horey sinnghâ¤â¤â¤â¤â¤â¤â¤â¤â¤â¤â¤â¤â¤,2024-12-24T11:00:52Z
@heelaishamal7241,Love you sing one top 1,2024-12-24T11:00:03Z
@heelaishamal7241,Yo yo sighn â¤â¤,2024-12-24T10:59:32Z
@heelaishamal7241,Jan 2025 whale ğŸ˜‚ğŸ˜‚ğŸ˜‚ğŸ˜‚,2024-12-24T10:58:44Z
@heelaishamal7241,Nah,2024-12-24T10:54:03Z
@orange8025,2025 valoğŸ˜‚,2024-12-23T17:05:41Z
@Savita-uo7fx,Jo jo is comment ko dak rha hai jldi se like kro plz ğŸ˜‡ğŸ™ğŸ»ğŸ™ğŸ»ğŸ˜‡ğŸ‘ğŸ»ğŸ‘ğŸ»ğŸ‘ğŸ»,2024-12-22T11:38:14Z
@Savita-uo7fx,Honay singh bhai kya song bnate ho aap I love your songs â¤â¤ğŸ‰ğŸ‰,2024-12-22T11:36:36Z
@KaranPatel-x9l,Ki up hyd,2024-12-22T11:35:24Z
@sapnalahot9327,â¤â¤â¤â¤â¤â¤â¤â¤â¤â¤,2024-12-22T04:35:52Z
@lakshmimishra9836,Very   Good  song,2024-12-21T10:12:05Z
@RohitSharma-t8p1g,â¤â¤â¤â¤â¤,2024-12-21T06:40:47Z
@AadilKhan-y3q,â¤â¤â¤â¤,2024-12-20T14:17:04Z
@princearts1414,Nice songs,2024-12-20T09:22:04Z
@ganeshbaraskar5927,ğŸ‰ğŸ‰ğŸ‰ğŸ‰ğŸ‰ğŸ‰â¤â¤â¤â¤â¤â¤â¤â¤â¤â¤â¤â¤â¤â¤â¤â¤,2024-12-19T16:50:48Z
@LaxmiDevi-uf7lq,â¤â¤â¤â¤â¤â¤â¤ my favourite singer yo yo honey Singh â¤â¤â¤â¤â¤â¤â¤â¤â¤â¤â¤â¤â¤â¤â¤,2024-12-19T09:34:23Z
@shakirraza5765,Jan 1st 2025: WaleğŸ‰ğŸ‰,2024-12-19T07:43:48Z
@SamikshaTaskar,No,2024-12-17T10:03:29Z
@nageshmalagondetheking2006,1:54 1:55 1:56 1:56 1:57 1:57 1:57 1:58 1:58 1:58 1:59 1:59 2:00,2024-12-17T09:19:01Z
@RajkumarX-b3x,â¤â¤â¤,2024-12-16T06:10:17Z
@velarampatel6803,â¤â¤â¤,2024-12-16T04:27:46Z
@GeetapalGeeta-i8t,â¤â¤â¤â¤â¤,2024-12-13T11:38:13Z
@MdNirjon-bi5rh,I'm Bangladeshi â¤ï¸â€ğŸ©¹â¤ï¸â€ğŸ©¹,2024-12-11T13:17:37Z
@RachnaSharma-nh7sc,Yo yo honey Singh â¤â¤â¤,2024-12-11T08:18:47Z
@ajeetshukla-q2w,Bhai mujhe  brown rang. wala song bahut accha lagta hai,2024-12-10T01:44:12Z
@ajeetshukla-q2w,Yo Yo honey Singh,2024-12-10T01:40:07Z
@DipKayal-c4v,Dec 2024: Wale ğŸ‘,2024-12-09T04:33:18Z
@TusharHS,i lovew yoyo tho,2024-12-08T18:26:21Z
@meenudahiya62,ğŸ˜®ğŸ˜®ğŸ˜®ğŸ˜®,2024-12-08T13:45:04Z
@AJMALALAM-r3i,Mai â¤â¤â¤â¤â¤â¤,2024-12-08T10:29:10Z
@nirojsangroula9775,Still feel this songğŸ¤˜ğŸ˜,2024-12-07T10:13:15Z
@IsikaaKumari-xt8dq,Master piece hai bhaiğŸ”¥ğŸ”¥ğŸ’¯ğŸ’¯,2024-12-07T04:07:59Z
@AbbasAli-vv3wu,2040 main Kon sun rha hğŸ˜…,2024-12-05T11:07:12Z
@Dishalakralakra,â¤â¤â¤â¤,2024-12-03T15:44:29Z
@ParhladSalvi-x9w,à¤®à¤²,2024-12-02T15:40:33Z
@SimranDxb-i3t,Aj koun koun ğŸ¤” sunarahe ğŸ˜…ğŸ˜…,2024-12-02T15:06:06Z
@meenudahiya62,ğŸ˜®ğŸ˜®ğŸ˜®ğŸ˜®,2024-12-02T07:36:02Z
@NehaKumari-p1k1e,ğŸ¥°ğŸ¥°â¤ï¸â¤ï¸â¤ï¸ğŸ¤ŸğŸŒ¹,2024-12-02T07:21:18Z
@Rohan_377,All the best song,2024-12-02T02:18:00Z
@RiYa-f9x8r,"â¤.        











    HaneğŸ˜Š",2024-12-01T06:36:46Z
@SampaDeb-r3i,Yo yo is king of earphones ğŸ¤¨ğŸ‘½,2024-11-30T12:32:05Z
@ShivaGawli-o8o,Eyy song 2050 me dek Raha hai ğŸ˜…ğŸ˜…,2024-11-29T20:20:45Z
@JaibholeNath-z1z,ğŸ˜¢â¤ğŸ˜®ğŸ˜…ğŸ˜ŠğŸ˜…ğŸ˜‚ğŸ˜…ğŸ˜…ğŸ˜®,2024-11-29T13:04:42Z
@rinabhattacharjee6085,Age suntam,2024-11-28T17:43:57Z
@SakshiJayswal-u5h,any bts army  here ğŸ’œğŸ’œğŸ’œğŸ’œğŸ’œğŸ’œğŸ’œğŸ’œğŸ’œğŸ’œğŸ’œğŸ’œğŸ’œğŸ’œğŸ’œ,2024-11-28T11:36:58Z
@sanjayrockoekka6831,Ye gana sun k purana din aati hai na sabko dosto ğŸ˜Š,2024-11-27T14:37:35Z
@sandipandhar2522,Here we go again,2024-11-26T21:07:25Z
@PapiyaPaulSahoo,"Master  piece  hai  bha!!!!!!ğŸ˜Š

Honey  paji ki  jgh  koi  nhi  le sakta 5:48 5:50 5:50 5:51 5:51 5:51 5:52 5:52",2024-11-26T17:37:32Z
@Kashishyadav108,I love ğŸ’—ğŸ’—ğŸ’—ğŸ’—ğŸ˜˜ğŸ˜˜ğŸ˜˜ğŸ˜˜  you honey singh bhai,2024-11-26T14:36:29Z
@KhageshwarkumarNishad,ğŸ‰ğŸ‰â¤,2024-11-26T10:22:36Z
@NitishBharti-m9y,Kon kon daily sunta hai is song ko,2024-11-24T13:32:52Z
@Nevergiveup-vv1vv,Anyone listening ğŸ§ 24 November,2024-11-24T06:27:50Z
@GAMERANUP-dm5hl,2025 ma kon kon ye song ğŸµ sun rha he,2024-11-23T12:52:21Z
@indrakhandate1873,Me,2024-11-22T04:47:56Z
@ronit_sort_creator,Earphone lagake kon sunta  he ğŸ‘‹,2024-11-21T08:51:23Z
@TanishkaTannu-c4w,ğŸ˜®â¤â¤â¤ğŸ˜Š,2024-11-21T08:15:46Z
@Alchemist-q7z,Chasme ko hata ğŸ‰ğŸ‰ğŸ‰ğŸ‰ğŸ‰ğŸ‰ğŸ‰ğŸ‰ğŸ‰ğŸ‰ğŸ‰,2024-11-21T04:20:48Z
@KeshavSutar-u4f,Night me kon kon sun rha,2024-11-21T03:24:03Z
@palakverma5531,Brown rang nahi bajağŸ˜¢,2024-11-20T14:41:50Z
@chiragchoudhary64e10,Extreme level Vibe,2024-11-19T04:44:22Z
@Official_anand_503,2024 me kon kon November ğŸ˜…,2024-11-19T04:36:31Z
@SakilHusain-s3l,ğŸ‰. ğŸ‰ğŸ‰ğŸ‰ğŸ‰,2024-11-18T20:35:40Z
@Ps_deba.,2025ğŸ˜…,2024-11-17T06:54:39Z
@RethulKrishna-b2i,Honeysingh all time favt... In hindi,2024-11-15T12:30:08Z
@DarcklordBro,op in comentâ¤â¤â¤â¤ğŸ˜‚ğŸ˜‚ğŸ˜‚ğŸ˜‚,2024-11-15T11:23:26Z
@MrSameerMalik-b7n,Me,2024-11-15T11:13:28Z
@Rekhapandey-ql4hq,â¤â¤â¤â¤â¤â¤,2024-11-15T11:11:11Z
@Dilkhush-d7v,I love this yo yo honey singhâ¤â¤â¤â¤,2024-11-15T05:36:07Z
@anilraj3952,Thynkyou bhai â¤ nice song,2024-11-14T14:09:39Z
@RamuKumar-v8c4l,Love ğŸ˜˜ Jaan ğŸ‘¿ğŸ‘¿ğŸ‘¿ğŸ‘¿,2024-11-14T07:06:41Z
@Dhanraj-u5k,I love you yo honey Singh,2024-11-13T08:43:00Z
@onlygaming9052,12 number 2024 ko kon kon Sun raha hai,2024-11-12T06:56:11Z
@RoyalXZgaming,1:51 2:04 2:05 2:05 2:05 2:06 2:06 2:06 2:06 2:06 2:07 2:07 2:07 2:07 2:08 2:08 2:08 2:08 2:08 2:09 2:09 2:09 2:09 2:10 2:10 2:10 2:10 2:10 2:11 2:11 2:11 2:11 2:12 2:12 2:12 2:12 2:12 2:13 2:13 2:13,2024-11-11T09:15:25Z
@AaminaBegam-f3l,honey.  slngh,2024-11-10T12:39:31Z
@WeAreLoveAnimals,2025 me kon kon sun raha he ğŸ˜…ğŸ˜‚â¤,2024-11-10T12:22:35Z
@sekandarsk3251,!,2024-11-09T22:57:52Z
@BhanuSaini-w2f,ğŸ˜‡ğŸ˜‡ğŸ˜‡ğŸ˜‡ğŸ˜‡ğŸ˜‡ğŸ˜‡ğŸ˜˜ğŸ˜˜ğŸ˜˜ğŸ˜˜ğŸ˜˜ğŸ˜˜ğŸ˜˜ğŸ˜˜ğŸ˜˜ğŸ˜ğŸ˜ğŸ˜ğŸ˜ğŸ˜ğŸ˜ğŸ˜ğŸ˜ğŸ˜ğŸ˜ğŸ˜„ğŸ˜„ğŸ˜„ğŸ˜„ğŸ˜„ğŸ˜„ nice,2024-11-09T14:35:06Z
@chandani2818,Nice song and my favourite song forever ğŸ¥°ğŸ¥°ğŸ’—ğŸ’—ğŸ’—ğŸ’—,2024-11-09T08:24:37Z
@JannatiKhatun-ge8hi,Love you so much bro ğŸ’ğŸ’ğŸ’ğŸ’ğŸ’ğŸ’ğŸ’ğŸ’ğŸ’ğŸ’ğŸ’,2024-11-09T07:28:51Z
@MdWakil-m2c,ğŸ˜‚ğŸ˜‚ğŸ˜‚â¤â¤â¤ğŸ˜‚â¤â¤,2024-11-07T07:10:38Z
@tabassummetaha4585,EhhhhhğŸ¥¹ğŸ«¶,2024-11-06T09:51:46Z
@Xxxxxxxcccc-i,â¤â¤â¤â¤â¤ğŸ‰ğŸ‰ğŸ‰ğŸ‰ğŸ‰ğŸ‰,2024-11-06T08:15:09Z
@VanshGangwar-m2s,2024 hajri laga do,2024-11-05T13:33:37Z
@Ankita_studychannel,5 Nov ko kon kon song sun rha ğŸ˜‚,2024-11-05T13:05:33Z
@vijendersinghkhatri3510,Vibeâ¤,2024-11-05T09:52:28Z
@AbhayMittal-km6kk,Dude l want to be a singer ğŸ˜Š,2024-11-05T09:19:13Z
@JahirulskSk-c4w,ğŸ˜®ğŸ˜®,2024-11-03T11:43:49Z
@surajjaiswal4111,King ğŸ‘‘ of rapâ¤,2024-11-02T04:54:57Z
@nandkishorsah9939,Yo you honey singh mere RBC mein haiğŸ˜…ğŸ˜…ğŸ˜…ğŸ˜ŠğŸ˜ŠğŸ˜Š Iske aage Koi bol sakta hai kya â¤â¤,2024-11-02T01:53:11Z
@alpnashrivastava8940,Pagala ğŸ˜‚ Mera dost hai,2024-10-31T12:07:17Z
@kartikkeswani3420,VIBE ğŸ’ªğŸ»,2024-10-31T08:15:04Z
@srkgaming7651,Kya song hai bhai ğŸ”¥ğŸ”¥ğŸ”¥ğŸ”¥,2024-10-29T13:14:51Z
@PritamBag-w6u,ğŸ˜¢ğŸ˜‚,2024-10-29T06:26:28Z
@PritamBag-w6u,ğŸ˜Š,2024-10-29T06:26:18Z
@PritamBag-w6u,ğŸ˜…,2024-10-29T06:26:07Z
@newkingintheworld,29 octubar 2024 ko kon sun rha h,2024-10-29T05:50:01Z
@showtimewithaaditya8283,I LOVE YOU HONEY SINGHâ¤â¤â¤â¤â¤â¤â¤ğŸ‰ğŸ‰ğŸ‰ğŸ‰ğŸ˜ŠğŸ˜ŠğŸ˜ŠğŸ˜ŠğŸ˜Šâ¤â¤,2024-10-28T15:10:23Z
@priyankadas1784,My teen crush â¤ honey singh ...he is different his style ğŸ”¥ his attitudeğŸ”¥ his hairstyle was very famous. ...I miss those days .... every girls crush ğŸ˜,2024-10-28T14:55:23Z
@Insuranceroof,i love this song,2024-10-28T08:13:41Z
@PrabinPraja-jw8oq,Me sun raha hu,2024-10-28T08:09:37Z
@s.u.comady4979,ğŸ˜®,2024-10-28T06:30:21Z
@AqibKhan-h9l,My,2024-10-27T09:42:10Z
@satyabratadehury8747,King of fapğŸ‰,2024-10-26T16:18:50Z
@BabitaDave-z3u,Ye song bahut jyada accha lag raha hai sunne mi my favourite song,2024-10-24T11:02:47Z
@heyyou5306,Who is listening this song on 25 october 2024,2024-10-24T08:55:14Z
@anime_addictedgirl,Kon kon ye song 3050 me sun rha hai ğŸ˜‘,2024-10-24T04:54:26Z
@vikas9419,YO YO HONEY SINGHâ¤â¤â¤ğŸ˜¢ğŸ˜ŠğŸ˜ŠğŸ˜Š,2024-10-23T13:57:33Z
@M.Mujahid-b3d,â¤ğŸ˜‚ğŸ‰,2024-10-23T06:17:45Z
@anantkumarmandal5307,â¤ï¸ğŸ¥°,2024-10-23T06:12:40Z
@sumanshukla2514,"Love you so much meri jaan love you 
â¤â¤â¤â¤â¤â¤â¤â¤â¤â¤",2024-10-22T09:42:06Z
@DeepuSharma-fs3pj,Honey Singh Yo yo â¤â¤â¤,2024-10-21T10:42:45Z
@anupamasingh1979,Main sirf ğŸ˜…,2024-10-20T06:53:57Z
@kumkumdasila566,Dil Jeet Liya is gana ne,2024-10-18T06:30:07Z
@gohilrajkathol1564,October 2024ğŸ˜‚,2024-10-17T08:51:54Z
@Harshparmar12331,I am,2024-10-17T07:17:30Z
@marjinaahmed7644,Wow bro nice song ğŸ˜ğŸ˜,2024-10-17T05:23:47Z
@sudharshansparks2815,Any one from 2025ğŸ˜®,2024-10-17T01:30:38Z
@Nishant09-u6z,All saing yo yo honey Singh,2024-10-16T15:12:05Z
@Sureshchandra-w2q,You are very nice sengarâ¤,2024-10-15T11:50:33Z
@ChanduSahariya-g4e,I am chandarâ¤â¤,2024-10-15T10:19:30Z
@rawnex-z7t,I livin' in 2010 11 12 13 14 15 16  all these years I can feeling again . #NOSTALGIA HIT,2024-10-15T07:34:42Z
@mamtabankat956,Back old honey Singh â¤â¤,2024-10-15T03:25:18Z
@mamtabankat956,Old honey Singh is back â¤â¤â¤ğŸ˜ğŸ˜ğŸ˜ğŸ”¥ğŸ”¥,2024-10-15T03:24:52Z
@mamtabankat956,Bro â¤â¤â¤â¤,2024-10-15T03:23:19Z
@mamtabankat956,Good honey Singh â¤ï¸â¤ï¸â¤ï¸â¤ï¸â¤ï¸â¤ï¸,2024-10-15T03:23:07Z
@aaradhyadixit5446,Brooâ¤â¤â¤â¤â¤,2024-10-14T15:56:39Z
@Puneet-p8m,Kyu hogya na come back Bhadsha  yoyo honey singh ka,2024-10-14T13:33:57Z
@Puneet-p8m,Purana yoyo honey singh is backğŸ‰ğŸ‰ğŸ‰ğŸ‰ğŸ‰ğŸ‰ğŸ‰ğŸ‰,2024-10-14T13:31:34Z
@Puneet-p8m,Bhadsha  Pani come chai ha honey singh ka samna comment cahi laga to ek like ğŸ˜ŠğŸ˜ŠğŸ˜ŠğŸ‰ğŸ‰ğŸ‰,2024-10-14T13:30:47Z
@Puneet-p8m,Honey Bhai is come back for honey singh haters ğŸ˜ŠğŸ˜Šâ¤â¤,2024-10-14T13:28:28Z
@MonuKhan-l9d,brand hai ye,2024-10-14T12:22:23Z
@ZakirHussain-e4o,Yoyo on top â¤,2024-10-14T05:55:41Z
@songitaborah7992,JuuğŸ˜ğŸ˜ğŸ˜ğŸ˜ğŸ’¥ğŸ’¥ğŸ’¥ğŸ”¥ğŸ”¥ğŸ”¥,2024-10-12T12:15:46Z
@ultimateaction4044,HağŸ˜Š,2024-10-12T09:45:54Z
@ultimateaction4044,Mai,2024-10-12T09:45:30Z
@ultimateaction4044,Mai,2024-10-12T09:44:31Z
@HS_ALEX_YT,Ham,2024-10-12T04:11:49Z
@SachinThakur-tv8qs,L,2024-10-12T04:03:51Z
@RamVaii-ov3ok,â¤â¤â¤â¤,2024-10-11T15:43:02Z
@raushanpaswan9662,Blutooth king star â­âœ¨,2024-10-11T09:09:51Z
@manavsharma7332,Aho bhurhau,2024-10-11T07:19:51Z
@SohebKhan-o5u,ğŸ˜‹,2024-10-10T09:37:37Z
@DeepakSakat-wz1zg,ğŸ˜…,2024-10-10T05:06:17Z
@RomenMoibungkhongbam,LOL yoyo honey from MANIPUR â¤â¤â¤,2024-10-10T03:53:01Z
@KHANGAMING-f3g,RAP ka badshah kon? YOYO HONEY SINGH,2024-10-09T16:40:04Z
@UmashankarMahapatra-o5w,Super song  honey singh bhai,2024-10-09T13:47:56Z
@sumii_492,Mena TU sound ma lagaye huağŸ˜‚,2024-10-09T10:23:47Z
@Debojit.official.007.SHORTS.,YO YO HONEY SINGH â¤â¤OLD IN GOLD ğŸ¥‡,2024-10-09T07:42:11Z
@ponitakujur2208,M har din sun rha hu bhai log my favourite song h,2024-10-09T05:40:46Z
@abidaijaz1976,My bhi,2024-10-08T11:52:57Z
@BaadshahBaadshah-dr4rq,Allwes honny shing fan â¤â¤â¤,2024-10-08T08:03:11Z
@ParthSaini-f1x,Mai,2024-10-07T16:03:35Z
@everytimeenjoy2240,"07/09/2024
9:11 PM",2024-10-07T15:41:50Z
@abhijitnaskar3189,â¤â¤â¤â¤â¤â¤â¤â¤â¤â¤â¤â¤â¤â¤â¤â¤â¤â¤â¤â¤,2024-10-07T11:15:51Z
@kavyasahu663,Boring ho Gaya h yrrr,2024-10-07T07:57:54Z
@JanesharAnwar,â¤â¤â¤â¤,2024-10-07T06:12:49Z
@ChotuThakur-lu1lz,ğŸ˜®ğŸ˜®ğŸ˜¢,2024-10-07T05:53:51Z
@VS_GAMING_SHORT,Bhai tone 6 song diya aur 5 song bajaye,2024-10-06T18:10:23Z
@KhushbooSingh-m4s3t,Break up ke baad sun rahi ho ğŸ˜‚ğŸ˜‚ğŸ˜‚,2024-10-06T17:22:07Z
@Anandeswornayak,ğŸ˜ŠğŸ˜ŠğŸ˜ŠğŸ˜ŠğŸ˜ŠğŸ˜Š,2024-10-06T14:43:36Z
@sibdasmukherjee3035,Arjit sing ke age koy bol sakta ka vai. O aj brand he ğŸ’€,2024-10-06T12:06:12Z
@kanapawar4993,Yo yo honey Singh naam hi kafi hai,2024-10-06T07:38:22Z
@MohitDas-z4b,Me sun raha hu,2024-10-06T07:13:41Z
@awmexpert3764,2024 ğŸ˜…,2024-10-06T06:17:00Z
@SadhanaDas-xn2sp,Yoyo hony sing â¤,2024-10-06T06:16:34Z
@VILLAN_Gaming_10k,2024 me Kon Kon sun Raha hai o like kare,2024-10-06T04:46:31Z
@RohitLalawat-d5d,2024 me kon Kon ye ğŸµğŸµ song sun rha he,2024-10-06T03:45:53Z
@MDAjaj-pl4mo,â¤â¤â¤â¤â¤â¤â¤â¤â¤â¤â¤â¤â¤â¤â¤â¤â¤â¤â¤â¤â¤â¤â¤â¤â¤â¤â¤â¤â¤â¤â¤â¤â¤â¤â¤â¤â¤â¤â¤â¤â¤â¤â¤â¤â¤â¤â¤â¤â¤â¤â¤â¤â¤â¤â¤â¤â¤â¤â¤â¤â¤â¤â¤â¤â¤â¤â¤â¤â¤â¤â¤â¤,2024-10-05T11:49:06Z
@PoAfsaralam,XaaqqğŸ‰â¤â¤,2024-10-05T09:03:00Z
@kakolinath5091,"2024,      4th October main kyon kyon aaye hain sunne ko .â¤â¤â¤
Attendance please âœ‹ğŸ»âœ‹ğŸ»âœ‹ğŸ»",2024-10-04T05:16:35Z
@RajputanaKAsingh,Gjb â¤,2024-10-03T13:32:03Z
@RozoGamingOfficial,AJAO OCTOBER WALO,2024-10-02T17:59:37Z
@baidyanathshalui4025,2095 konğŸ˜…ğŸ˜…ğŸ˜…ğŸ˜…ğŸ˜…,2024-10-02T17:33:29Z
@codlove-r,Dope shop?,2024-10-02T15:13:30Z
@sumanbiswas980,High heels song is wrong,2024-10-02T12:21:12Z
@DipanshuYadav-66446,2 october wale aajao,2024-10-02T01:39:31Z
@Devsingh-f1g,2024 wale like karo,2024-10-02T01:39:04Z
@surajitdebnath1322,Legend â¤,2024-10-01T14:42:37Z
@proking7301,Me,2024-10-01T14:32:31Z
@MunnaJakhesra,Yoyo honey Singh ok I am not able yy ok ok,2024-10-01T06:34:33Z
@Pragatitomer88,What the song yaar,2024-09-30T15:34:01Z
@Pragatitomer88,Second song is mast,2024-09-30T15:33:44Z
@piyushprajapatidrawingsboy2947,â¤â¤â¤ğŸ˜ŠğŸ˜ŠğŸ˜ŠğŸ˜Š,2024-09-30T13:22:49Z
@MohamadYasir-e2q,2024 kon sun rha heğŸ˜‚ğŸ˜‚ğŸ˜‚ğŸ˜‚ğŸ˜‚ğŸ˜…,2024-09-30T08:46:41Z
@OfficialGameing-xm9bv,Kisko bahot jyada yah song pasand hai â¤,2024-09-30T05:58:01Z
@diwakerdiwaker-ij1sj,HamğŸ˜ğŸ˜ğŸ˜,2024-09-30T02:41:08Z
@Amitraj_8058,Branded munde â¤â¤,2024-09-29T14:37:43Z
@AaravYadav_vlogs,System,2024-09-29T06:51:24Z
@SohailBabu-k9z,Osm song sğŸ‰,2024-09-29T06:48:26Z
@SohailBabu-k9z,Best song for honey Singh â¤â¤,2024-09-29T06:47:42Z
@NikhleshRathore,Ham sun rahe hain,2024-09-29T06:14:01Z
@rohitpoojavlogs5577,ğŸ˜¢ğŸ˜¢ğŸ˜¢pqgt,2024-09-29T04:36:57Z
@mitalchokhawala5864,In the world all singers boss is honey Singh ğŸ’¯â˜ ï¸,2024-09-28T16:34:40Z
@Nitishgond9999,Kr,2024-09-28T12:15:19Z
@ultimateutkarsh3361,Honey singh is good fan following is much more than all other rapper. But song of Badshah is very terrific nowadays.,2024-09-28T07:15:37Z
@BabluKhan-kr4ub,Yo yo manğŸ‰ğŸ‰ğŸ‰,2024-09-28T05:46:23Z
@Monikajangir_art,..,2024-09-28T04:15:28Z
@vishalupadhyay5934,Sab tery kani nahi h  ğŸ˜…,2024-09-27T12:32:31Z
@vishalupadhyay5934,NDA officer ğŸ˜ŠğŸ˜ŠğŸ˜ŠğŸ˜ŠğŸ˜ŠğŸ˜Š,2024-09-27T12:30:13Z
@GeetaSingh-vw6ht,Mai sun rha hu,2024-09-27T07:13:33Z
@emranali-y1f,Me drive karke sun raha hu maja aa raha hai,2024-09-26T18:20:06Z
@NaitikBhatt-o5f,â¤â¤,2024-09-26T14:32:41Z
@MuskanMehra-e7q,Mai bhavesh,2024-09-26T10:09:26Z
@mohammadiqbal7955,",t5 q",2024-09-26T06:50:09Z
@bansaripatel2388,1 or 5 or 6 is best â¤â¤â¤,2024-09-25T14:26:42Z
@Funny-video-F1v,L a week or two of my friends and ğŸ˜ğŸ¥ºğŸ’ğŸ˜ğŸ˜Šâ˜ºï¸,2024-09-25T10:25:42Z
@Tapan_927,My photo,2024-09-25T05:33:33Z
@AliRaza-de9ef,Aaj kon sun ra ha,2024-09-24T16:03:16Z
@rishabhraj1322,Hum sab,2024-09-24T14:32:25Z
@kannelgamer208,bro brown Rung kaha hai??,2024-09-24T13:31:35Z
@shaileepandey6330,Es song ko 2099 à¤®à¥ˆ à¤•à¥Œà¤¨ sun raha à¤¹à¥ˆ ğŸ˜‚ğŸ˜‚ğŸ˜‚,2024-09-24T03:45:55Z
@Shivam_Gond_Oscar_film_awards,ğŸ˜‚â¤ğŸ˜‚â¤,2024-09-23T15:43:36Z
@sonamonidasimam6255,LOVE,2024-09-23T15:01:02Z
@PujaKumari-ky8cl,"â¤
 â¤
  â¤
  â¤
    â¤

â¤â¤â¤
â¤

â¤
â¤
â¤
â¤

â¤
â¤
â¤

â¤
â¤
â¤

â¤

â¤
â¤
â¤
â¤

â¤
â¤

â¤

â¤â¤
â¤

â¤

ğŸ˜‚
ğŸ˜‚
ğŸ˜‚

ğŸ˜‚
ğŸ˜‚
ğŸ˜‚ğŸ˜‚
ğŸ˜‚
ğŸ˜‚

ğŸ˜‚
ğŸ˜‚
ğŸ˜‚

ğŸ˜‚
ğŸ˜‚

ğŸ‰
ğŸ‰

ğŸ‰
ğŸ‰
ğŸ‰
ğŸ‰
ğŸ‰

ğŸ‰
ğŸ‰
ğŸ‰

ğŸ‰
ğŸ‰
ğŸ‰
ğŸ‰

ğŸ‰
ğŸ‰

ğŸ˜¢
ğŸ˜¢
ğŸ˜¢
ğŸ˜¢
ğŸ˜¢
ğŸ˜¢",2024-09-23T11:48:15Z
@tezykandhola7046,Sep 24 nu kon sun rihha,2024-09-23T05:54:08Z
@Ganeshmakavana-ey7fr,â¤â¤â¤,2024-09-23T02:45:35Z
@Akgamer-1911,Mai baby,2024-09-22T09:45:39Z
@VijayYadav-r9v7p,Yadav Papa ğŸ‰ğŸ‰ğŸ‰ğŸ‰ğŸ‰ğŸ‰ HONEY  SINGH,2024-09-21T10:33:12Z
@KanchanChoudhary-ft4ed,Honey paji is father of all rappersğŸ‘ŒğŸ¤ŸNice bro,2024-09-21T08:02:35Z
@beenabeenamaurya9927,Today 21/09/2024,2024-09-21T05:58:57Z
@URCristiano-rr,Bhai rape song kiya hota hai honey pa se seekhaya â¤â¤â¤,2024-09-20T19:57:43Z
@btsimpleboy9282,Kon Kon daily sunta hainğŸ˜Š,2024-09-20T13:02:13Z
@KrishnaBarman-r7d,â¤â¤â¤â¤â¤,2024-09-20T06:50:44Z
@nituverma5921,Aaj kon kon sun rhağŸ˜Š,2024-09-20T06:11:52Z
@oms-w2d,ğŸ’¯ğŸ’¯ğŸ’¯ğŸ˜ˆğŸ‘¿ğŸ˜ˆğŸ˜ˆğŸ˜ˆğŸ¤‘ğŸ¤˜ğŸ¤˜ğŸ¤˜,2024-09-20T03:19:56Z
@vidhiyadav937,Ma ğŸ˜ŠğŸ˜ŠğŸ˜Š,2024-09-20T02:53:33Z
@DevederSingh-im9rd,â¤,2024-09-19T14:40:03Z
@DevederSingh-im9rd,ğŸ”¥ğŸ”¥ğŸ”¥ğŸ’¯ğŸ’¯ğŸ’¯â™¥ï¸,2024-09-19T14:37:52Z
@AMARJITKUMAR-xv9fm,â¤â¤â¤,2024-09-19T02:57:20Z
@AjStar-w3c,My favorite hero Honey Singh I miss you my boss,2024-09-18T12:00:44Z
@Indiangameryt0007,Ailaa meri jannam I love youğŸ˜˜ğŸ¤ŸğŸ˜˜ğŸ¤ŸğŸ¤ŸğŸ˜˜,2024-09-18T04:52:51Z
@ShivamKumar-ss8qt,2025 me kon,2024-09-18T04:18:25Z
@Cuti_rupi,My best song â¤,2024-09-17T07:27:10Z
@AnNikaTe-06,hgdhstrfeedgrrsjhntyedrg,2024-09-17T04:56:39Z
@MohammadQasim-s3w,MaiğŸ˜…,2024-09-16T17:14:38Z
@bhabanishankarsahushankar3702,My favourite honey waba â¤,2024-09-16T11:51:37Z
@DesiChhora-001,Yo Yo honey Singh ğŸ‰ğŸ‰ğŸ‰â¤â¤ğŸ‘‘ğŸ‘‘ğŸ‘‘ğŸ‘‘ğŸ‘‘ğŸ˜ˆğŸ˜ˆğŸ˜ğŸ˜ğŸ˜ğŸ˜ˆğŸ˜ˆğŸ˜ˆğŸ˜ˆğŸ˜ˆğŸ˜ˆğŸ˜ˆğŸ˜ˆğŸ˜ˆğŸ˜ˆğŸ˜ˆğŸ˜ˆğŸ˜ˆğŸ˜ˆğŸ˜ˆğŸ˜ˆğŸ˜ˆğŸ˜ˆğŸ˜ˆğŸ‘‘ğŸ‘‘,2024-09-16T07:37:53Z
@idontknowwhoiam6394,Oooo! Paji tusi to graet hoğŸ‰ğŸ‰ğŸ˜Š,2024-09-16T05:48:01Z
@SaraSingh-r2w,ğŸ‰ğŸ‰ğŸ‰ğŸ‰ğŸ‰ğŸ‰ğŸ‰ğŸ‰ğŸ‰ğŸ‰,2024-09-15T22:32:38Z
@SaraSingh-r2w,ğŸ˜ŠğŸ˜ŠğŸ˜Š,2024-09-15T22:28:57Z
@rajeshsharma-dj6yj,ğŸ‰ğŸ‰ğŸ‰ğŸ‰ğŸ‰ğŸ‰ğŸ‰â¤â¤â¤â¤ğŸ˜‚,2024-09-15T11:19:22Z
@GaneshPangi-z1w,ğŸ‰ğŸ‰ğŸ‰ğŸ‰ğŸ‰ğŸ‰ğŸ‰ğŸ‰ğŸ‰,2024-09-15T05:59:38Z
@adityacomedy021,Hello guy's,2024-09-15T04:38:55Z
@Praveen_17_P,â¤â¤â¤â¤â¤â¤â¤â¤â¤â¤â¤â¤â¤â¤â¤â¤â¤â¤â¤,2024-09-15T01:33:43Z
@uklocalgamar7926,Kon Kon 2040 me dekh rha heğŸ˜‚ğŸ˜‚ğŸ˜‚â¤â¤â¤â¤â¤,2024-09-14T21:29:24Z
@EdiidEducation,Bhai aise nahin bolate hain bhai main Na Bachpan se sunta Raha Hun uske gane Hani Singh ke bhai main bahut bada fan Hun uska,2024-09-14T14:06:51Z
@VandanaRaut-y2k,Love dose song is I like song,2024-09-13T14:07:46Z
@Ayush_FF_Boss,â¤â¤â¤â¤,2024-09-13T12:27:44Z
@yogitajain4734,ğŸ‰ğŸ‰ğŸ‰ğŸ‰ğŸ‰ğŸ‰ğŸ‰ğŸ‰ğŸ‰ğŸ‰ğŸ‰ğŸ‰ğŸ‰ğŸ‰ğŸ‰ğŸ‰ğŸ‰ğŸ‰ğŸ‰ğŸ‰ğŸ‰ğŸ‰ğŸ‰ğŸ‰ğŸ‰ğŸ‰ğŸ‰ğŸ‰ğŸ‰ğŸ‰ğŸ‰ğŸ‰ğŸ‰ğŸ‰ğŸ‰ğŸ‰ğŸ‰ğŸ‰ğŸ‰ğŸ‰ğŸ‰ğŸ‰ğŸ‰ğŸ‰ğŸ‰ğŸ‰ğŸ‰ğŸ‰ğŸ‰ğŸ‰ğŸ‰ğŸ‰â¤â¤â¤â¤â¤â¤â¤ğŸ˜‚ğŸ˜‚ğŸ˜‚ğŸ˜‚ğŸ˜‚â¤â¤â¤ğŸ˜Š,2024-09-12T15:09:35Z
@RaviKumar-i5c5y,â¤â¤â¤â¤ğŸ¦…,2024-09-12T11:12:58Z
@NishanthKumar-n2m,Akon you mean?,2024-09-11T18:32:09Z
@mansiverma5998,Honey Singh to legend h nd ofcourse no one  can replace him â¤,2024-09-10T09:25:05Z
@AashutoshSingh-cy8li,Pr bhai m to 3095 m dekh rha hu,2024-09-10T06:35:25Z
@lokeshkrishnath,still listening him the blueetoth era make our childhood special,2024-09-09T14:12:31Z
@JitubhaSolanki-ik2lq,Darbar,2024-09-09T09:56:00Z
@BanarasiVenomgaming,Yoyoâ¤â¤â¤,2024-09-09T09:34:31Z
@BanarasiVenomgaming,NiceğŸ‘ğŸ‘ğŸ‘ song,2024-09-09T09:33:05Z
@Travel__with__alex-g5b,Yein  song 2025 mein kon kon dekh raha hain ğŸ˜‚,2024-09-09T08:47:58Z
@HabijurRahman-qq7yi,â¤â¤â¤â¤â¤â¤,2024-09-08T08:57:38Z
@Dilip_Amaliyar,"Honey Singh ğŸ˜…ğŸ˜…
  Sestam ğŸ‰",2024-09-08T03:26:40Z
@sonalipawar8349,Yo Yo honey Singh,2024-09-06T08:56:42Z
@RajPathak-w6s,Tra bapğŸ˜‚ğŸ˜‚ğŸ˜‚,2024-09-05T11:22:04Z
@Djff-kx1yg,Ham â¤,2024-09-05T11:04:41Z
@JeebanJena-n3r,Ye song 3024 me kon sun raha haiğŸ”¥ğŸ¤ŸğŸ˜ğŸ¤ŸğŸ˜Š,2024-09-05T06:36:16Z
@Saurabhkumar-hu9ew,King is backğŸ˜®ğŸ˜®ğŸ˜®ğŸ˜®ğŸ˜®ğŸ˜®ğŸ˜®ğŸ‰ğŸ‰,2024-09-04T16:59:13Z
@Saurabhkumar-hu9ew,Hani always kingâ¤â¤â¤â¤,2024-09-04T16:58:46Z
@NitshChauhan-i4g,â¤â¤â¤â¤,2024-09-04T08:04:06Z
@motivational463,ğŸ‰,2024-09-03T10:30:08Z
@NageshwarYadav-m9p,Ham â¤â¤,2024-09-03T05:47:57Z
@s.k_godYt,2026 m to duniya khatam hai to ab.ji bhar kr sun rha huğŸ˜‚ğŸ˜‚,2024-09-01T06:34:11Z
@MohdIrfan-b3v,ğŸ¤ğŸ¤ğŸ¤ğŸ¤ğŸ¤ğŸ¤ğŸ¤ğŸ˜‚,2024-09-01T06:31:00Z
@Knishk_kumar_7777,Abu tera kya jaraha,2024-09-01T04:21:38Z
@SonamMayra,I am happy ki ye phir se wapas aa gaya .....I love his song and voice,2024-09-01T03:54:20Z
@vedmishra9756,Honey purani sharab hai,2024-08-30T15:22:02Z
@UTKARSHYADAV-h2b,Me sun rha,2024-08-30T08:39:42Z
@MasudRanaJBL,Basically it's all gym regular playlist ğŸ˜‚,2024-08-29T13:32:41Z
@SkKiron-w3m,Honey Singh,2024-08-28T12:21:49Z
@JhsisnJidbd,Apke papa,2024-08-28T08:12:22Z
@Satsangi_Das,Nice song editing broâ¤â¤â¤ğŸ˜‚,2024-08-27T18:44:11Z
@TulsiUpadhyay-o6s,Bhai 2038 me to duniya khtam ho jayega,2024-08-27T11:50:31Z
@aryan.772,Honey singh,2024-08-27T08:22:46Z
@aryan.772,"Yo
    Yo
Yo",2024-08-27T08:22:15Z
@santoshbarik6318,"THE 
     BOY",2024-08-27T02:54:15Z
@m46k81,ğŸ˜…ğŸ˜…ğŸ˜…ğŸ˜¢ğŸ˜¢ğŸ˜…ğŸ˜ŠğŸ˜Š,2024-08-25T07:24:14Z
@ManishaManisha-k5m,â¤â¤,2024-08-24T11:21:54Z
@ManishKumar-b8r8s,Bhai mai toh sat yug mai dekh rha hu tum apna dekho,2024-08-24T08:44:15Z
@shivamkushwaha5198,Mai,2024-08-23T14:50:01Z
@brijeshchaudhary5553,Big comeback donâ¤,2024-08-23T13:56:34Z
@AsrafAli-hy7kl,ğŸ˜ŠğŸ˜ŠğŸ˜ŠğŸ˜ŠğŸ˜ŠğŸ˜ŠğŸ˜ŠğŸ˜Š,2024-08-23T13:18:20Z
@RahulRoy-kn5bp,Sahi bola bhaiğŸ˜…,2024-08-23T11:32:29Z
@ShyamsundarHalder-g2g,ğŸ˜ğŸ˜ğŸ˜ğŸ˜ğŸ˜ğŸ˜ğŸ˜ğŸ˜ğŸ˜ğŸ˜ğŸ˜ğŸ˜ğŸ˜ğŸ˜ğŸ˜ğŸ˜ğŸ†’ğŸ†’ğŸ†’ğŸ†’ğŸ†’ğŸ†’ğŸ†’ğŸ†’ğŸ†’ğŸ†’,2024-08-23T08:27:38Z
@sk_satya_ff_8344,2 G and 3 G network system hanged Bluetooth King ğŸ‘‘,2024-08-23T06:04:58Z
@RajeshRocky-ew3jv,Kon kon 2050 me sun rahe ho reply karo,2024-08-22T15:48:47Z
@BittudaxTex,â¤â¤â¤ğŸ˜ŠğŸ˜ŠğŸ˜…ğŸ˜…ğŸ˜®ğŸ˜¢ğŸ‰ğŸ˜‚,2024-08-22T10:39:04Z
@Syzoi_ff,5g main to sab log macha raha hai. 2g main paji ne internet crash kar diya tha,2024-08-21T14:00:41Z
@RENOXYTin,â¤â¤â¤â¤ Kiran Kumar Sharma,2024-08-21T10:25:01Z
@Nishuindora7992,bade bade logo k bade bade phone inme lage he yo yo k  ringtone,2024-08-21T07:05:23Z
@Chulbuli_10,Kon kon ye so 2k24 - 25 me dekh raha hai â¤ğŸ‰,2024-08-21T06:15:35Z
@armanmalik4720,Bluetooth king â¤â¤â¤â¤ğŸ˜Š,2024-08-19T11:00:23Z
@HollyBollyMeLoDiEs,Listening in September 2024 ğŸ˜,2024-08-19T07:19:27Z
@Game_and_fun-24,Bhai me ğŸ˜‚ğŸ˜‚ğŸ˜‚ğŸ˜…ğŸ˜…,2024-08-18T15:19:39Z
@BrotherzGamer,https://www.youtube.com/live/sxXOQtd9k0k?si=TWA2hGBLS_FgtsZC,2024-08-18T07:17:10Z
@BrotherzGamer,https://www.youtube.com/live/sxXOQtd9k0k?si=TWA2hGBLS_FgtsZC,2024-08-18T07:17:06Z
@BrotherzGamer,https://www.youtube.com/live/sxXOQtd9k0k?si=TWA2hGBLS_FgtsZC,2024-08-18T07:17:02Z
@RakeshMondal-ms5qx,Honeyâ¤â¤â¤â¤â¤,2024-08-18T06:59:35Z
@RakeshMondal-ms5qx,Hon,2024-08-18T06:58:34Z
@RakeshMondal-ms5qx,Good â¤â¤â¤â¤â¤â¤â¤â¤â¤â¤â¤â¤â¤â¤â¤â¤â¤â¤â¤ğŸ˜‚ğŸ˜‚ğŸ˜‚ThoğŸ˜®ğŸ˜®ğŸ˜®ğŸ˜®ğŸ˜®ğŸ˜®ğŸ˜…ğŸ˜…,2024-08-18T06:56:59Z
@RakeshMondal-ms5qx,HoğŸ‰ğŸ˜‚ğŸ˜‚,2024-08-18T06:56:07Z
@RakeshMondal-ms5qx,â¤â¤â¤ğŸ‰ğŸ‰ğŸ‰ğŸ˜‚ğŸ˜‚ğŸ˜‚ğŸ˜‚,2024-08-18T06:52:46Z
@MY_BLOGS_1,Abhi kon kon sun raha hai ğŸ˜…,2024-08-18T03:13:52Z
@Kk_chandel_9998,3001 me kon kon song sun rha hğŸ˜‚,2024-08-17T13:20:15Z
@SudipMalakar-bw1sl,This song make me always crazy,2024-08-17T11:36:43Z
@bhupeshpatel6194,0:51 0:52 0:53 0:53 0:53 0:53 0:53 0:54 0:54 0:54 0:54 0:55 0:55 0:55 0:56 0:56 0:56 0:56 0:56 0:56 0:57 0:57 0:57 0:57 0:58 0:58 0:58 0:58 0:58 0:59 0:59 0:59,2024-08-17T10:33:06Z
@faridKhan-e2y,Nice song â¤â¤â¤â¤â¤â¤â¤â¤â¤ğŸ˜ğŸ˜ğŸ¤©ğŸ¤©ğŸ¤©,2024-08-17T07:33:07Z
@VivaanChugh,"Master piece hai bhaiiiiiğŸ˜Š
Honey paji Ki jgh Koi nhi le sakta",2024-08-16T14:49:52Z
@somnathbanerjee8563,Only west Bengal like kro,2024-08-16T14:35:54Z
@khushirambairwa3336,Kuch bhi kho par dil barta nhi h â¤â¤,2024-08-16T10:59:22Z
@khushirambairwa3336,Nice song,2024-08-16T10:58:40Z
@ChulbulKumar-q8l,Hdhdvdgdvzhfdvdu     2019ğŸ˜‚ğŸ˜‚ğŸ˜‚ğŸ˜‚ğŸ˜‚ğŸ˜‚ğŸ˜‚ğŸ˜‚,2024-08-16T07:04:59Z
@FarbinAktar-i9v,Now it's 2024 . I love itâ¤â¤â¤,2024-08-16T05:10:17Z
@Zx10r-z8p,Bhai kitni bhi  sonlu per dil nahi barta â¤â¤,2024-08-15T17:24:23Z
@Simmi_Khatun_10,Who's listening in 2029ğŸ—¿,2024-08-15T13:16:29Z
@principal-n2n,old is always diamond ğŸ˜,2024-08-15T09:43:09Z
@IndrajitHaldar-q1s,Tera baap,2024-08-15T06:37:05Z
@Jyotikumari-m2j6f,Yogesh â¤â¤â¤â¤â¤,2024-08-15T02:58:37Z
@NARENDRAKUMARKalal-j2o,Kon kon ğŸ˜Š 21ve  Sadi me peda hua hai ğŸ˜…,2024-08-14T14:52:30Z
@HMnewslive,Kon kon 2012 mein sab khatam hone ke baad meri tarah swarg se ye video dekh raha haiğŸ˜‚ğŸ˜‚ğŸ˜‚,2024-08-14T13:51:10Z
@xavierxfc,0:14,2024-08-14T13:27:10Z
@AnitaSahu-k7o,Love it broâ¤,2024-08-14T12:21:36Z
@RJ_MP,Miss you 2012,2024-08-13T12:14:43Z
@AsmaulSk-jy8yq,"As,maikdgwcğŸ˜®",2024-08-13T11:51:59Z
@sauravkumarvlogs5045,Es song ko kon kon abhi sun raha hain box main laga karğŸ˜ŒğŸ˜Œ,2024-08-13T04:15:49Z
@koushalbhawar2637,Out of earth ğŸŒâ¤,2024-08-12T11:26:18Z
@sariflaunde3743,Há´É´á´‡Ê Ò“á´€É´s á´€ssá´‡á´Ê™ÊŸá´‡ Êœá´‡Ê€á´‡ ..?â¤,2024-08-12T07:52:42Z
@Guglu1307,Right now,2024-08-12T04:33:40Z
@Mahimathakur20017,â¤â¤â¤â¤â¤â¤â¤â¤â¤,2024-08-12T03:16:49Z
@abhayVerma-z5i,Anyone in 2025ğŸ˜‚,2024-08-11T16:20:20Z
@AJAYKUMAR-oq6ld,THE OG SONG ğŸ”¥ğŸ”¥ğŸ”¥ğŸ”¥,2024-08-11T14:11:07Z
@ragibalam8298,ğŸ˜Š,2024-08-11T10:49:32Z
@Tigergaming-iu1rq,I am big fan hunnay shingâ¤â¤â¤,2024-08-11T10:27:36Z
@ArushMasterPlayingYT,Ma,2024-08-11T05:07:50Z
@b2rabhishek61,1999 -2024ğŸ˜‚ğŸ˜‚ Sun Raha haiğŸ‰,2024-08-10T07:54:57Z
@vinayomar4026,Me,2024-08-10T06:08:03Z
@SuryaBhau56,Hi,2024-08-09T14:24:04Z
@RohitKumar-wg1vn,ğŸ˜ŠğŸ˜ŠğŸ˜ŠğŸ˜ŠğŸ‰,2024-08-09T10:47:40Z
@Indian_theft_auto9,0:39 0:39 0:39 0:40 0:40 0:40 0:40 0:40 0:41 0:41 0:41 0:41 0:42  anyone in 2024 /9/8/204,2024-08-09T07:48:01Z
@niteshravi9683,Bhai yeah songs to salo Sal hit rahega bhai â¤â¤,2024-08-08T17:06:21Z
@a_b_u__ammar,2024me koun koun sun rha haiğŸ˜…ğŸ˜…,2024-08-08T13:26:58Z
@theindian773,NaisğŸ‰ğŸ‰,2024-08-08T13:09:01Z
@NasirJi-y1h,ğŸ˜‚ğŸ˜‚ğŸ˜‚ğŸ˜‚,2024-08-08T09:40:28Z
@kanhaiyalalkumawat9627,â¤â¤,2024-08-07T15:11:42Z
@Kingkohli18-r8u,Ye song 2069 me kon dekh rha hğŸ˜‚ğŸ˜‚ğŸ˜‚,2024-08-07T11:50:23Z
@ShubhamSingh-yz2gd,Kon kon 2030 me dekh rha h ğŸ¤£,2024-08-07T07:06:08Z
@MdArmam-l3l,",.....?.?..


?



.......................
.",2024-08-07T05:21:50Z
@srithiksahu-3144,ğŸ˜ğŸ˜,2024-08-07T01:21:59Z
@AnjushMaurya,Ham hai ji bhai,2024-08-06T14:56:10Z
@pandeyji5350,Ha bhi,2024-08-06T12:28:36Z
@aakankshabhatnagar8743,*honey* *singh*ğŸ˜Š,2024-08-05T17:06:15Z
@estekharbhai7473,My favourite honny singhâ¤â¤â¤â¤,2024-08-05T16:35:54Z
@RohitRaja-cm5bs,Nice songğŸ˜ŠğŸ˜ŠğŸ˜ŠğŸ˜ŠğŸ˜Š,2024-08-05T11:41:17Z
@Mouli-y1s,Nice songs,2024-08-05T05:32:27Z
@SavitaDevi-c2e,Honey singh ka hairstyle sabse  alag,2024-08-05T03:11:28Z
@SavitaDevi-c2e,Favorite song,2024-08-05T03:09:06Z
@Delawerh77,Watching in 2099ğŸ˜‚ğŸ˜…â¤,2024-08-04T19:40:59Z
@mayurkale1913,Excellent word,2024-08-04T16:38:11Z
@mayurkale1913,Yes me always listen Yo dong,2024-08-04T16:36:43Z
@agarwalbakersdeoli7002,Bhai kitne bar bhi sunli man hi nhi bhartaâ¤,2024-08-04T07:07:42Z
@princerajshekhar5023,Kon kon 5001 me sun rha h ğŸ˜‚,2024-08-04T03:52:15Z
@POPGAMERS99,I am Big fan ğŸª­ğŸ˜…,2024-08-03T19:45:51Z
@Seema_music-7r,Nic songâ¤â¤,2024-08-03T13:35:25Z
@manishagarwal1843,PapiğŸ˜…,2024-08-02T20:24:33Z
@soumikacharya1683,Love does like koro,2024-08-02T16:59:26Z
@Sabranklhban,So sweet ğŸ‰,2024-08-02T16:38:12Z
@kailashgodara2077,Es song ko swarg se kon sun raha hğŸ˜‚ğŸ˜‚ğŸ˜‚,2024-08-02T11:56:15Z
@GopalBarik-pw7dh,https://youtube.com/@gopalbarik-pw7dh?si=I8eWK8Z1PQb5amzB,2024-08-01T11:52:01Z
@GopalBarik-pw7dh,Amar chanel susceptible kore Dao sbai please,2024-08-01T11:51:03Z
@yogitajain4734,â¤â¤â¤â¤â¤â¤â¤ğŸ‰ğŸ‰ğŸ‰ğŸ‰ğŸ‰ğŸ‰ğŸ‰ğŸ‰ğŸ‰ğŸ‰ğŸ‰ğŸ‰ğŸ‰ğŸ‰ğŸ‰ğŸ‰ğŸ‰ğŸ‰ğŸ‰ğŸ‰ğŸ‰ğŸ˜ŠğŸ˜ŠğŸ˜ŠğŸ˜Š,2024-07-31T15:52:11Z
@rajchetry6359,â¤,2024-07-31T14:05:59Z
@deepaupreti,This is the best song s,2024-07-31T13:29:28Z
@KaranSingh-hu4zr,OKK BYY BHOTH ACHAA LAA GAYAA MY SWEET HEARTSâ¤,2024-07-31T04:29:54Z
@KaranSingh-hu4zr,"MALOOM HAI UP SAB AURKAT DEKHA LIYA 
SAB MARKET MAI LIYAA
SAB MERE SAI BAAP BANA RAHAI HAI
ISLYAA YOUTUBE 2 CHANNEL BANTA TAA",2024-07-31T04:29:00Z
@KaranSingh-hu4zr,"PURE SYSTEM DEKHA TERE NASABIA BHOTH SAI HAI 
AA SAB SYSTEM Sab hum dekha sakta aur kisko ky kisko bhai nahi",2024-07-31T04:26:27Z
@KaranSingh-hu4zr,ITIN TIME KISKO NA DAKA 1 TIME TU HAI,2024-07-31T04:24:34Z
@KaranSingh-hu4zr,BHUL NA DOSTAA NA SAB KUCH SAKI DIAA,2024-07-31T04:22:13Z
@10k.1M,Honey Singh kiska favourite hai â¤,2024-07-31T03:17:09Z
@NirajKumar-k6c8x,Mera aatma ğŸ˜‚ğŸ˜‚,2024-07-31T00:35:23Z
@anandminerals,Hemanshu I make.  Song,2024-07-30T14:34:16Z
@SOHITFFKUMAR,Very nice hany singh,2024-07-30T14:17:41Z
@Nishauseyoutube177,â¤â¤ super song â¤,2024-07-30T13:07:32Z
@MohammadIslam-v7s,Honey Singh it's best singer â¤â¤â¤â¤â¤,2024-07-30T08:57:07Z
@panchalpranay8818,Bhai asa ganağŸ˜‚ğŸ˜‚ maja aa gaya ğŸ˜®ğŸ˜®,2024-07-30T05:16:13Z
@PUBG-KING-ROY,So sweet Hind song â¤,2024-07-30T01:14:51Z
@YuvrajYuvrajBharti,"NiceğŸ‘ song â¤â¤â¤â¤â¤â¤â¤â¤â¤â¤
ã€€â”â”â”“â”â”â”“
â €â”ƒâ €â”ƒâ”ƒâ €â”ƒ
â €â”ƒâ €â”ƒâ”ƒâ €â”ƒ
â €â”ƒâ €â”ƒâ”ƒâ €â”ƒ
â €â”ƒâ €â”ƒâ”ƒâ €â”ƒ
â”â”›â €â”—â”›â €â”—â”“
â”ƒâ € ï¼â”³ï¼œâ €â”ƒ
â”ƒ  â—â”—â”»â”›â—  â”ƒ
â”ƒâ”â”“â €â”â”“â €â”ƒ
â”—â”«â”£â”â”«â”£â”â”›
â €â”—â”«â™¥â”—â”«
â €â €â”£â”³â”³ã€‡ã‚›",2024-07-29T15:12:28Z
@lagenkiskulagenkisku,â¤â¤â¤,2024-07-29T14:48:36Z
@FarukhKhan-ie1hz,â¤â¤â¤,2024-07-29T13:22:52Z
@Kazicox,kon dhka raha ha 2098 ma ğŸ˜®ğŸ˜¢ğŸ˜‚ğŸ˜‚ğŸ˜‚ğŸ˜‚ğŸ˜‚,2024-07-29T13:21:47Z
@AnkitKumar-vu5kd,Meri tarah kon singal hi,2024-07-29T13:08:32Z
@SupriyaKhandekar-p9f,Honey singh â¤,2024-07-29T12:45:59Z
@RahulSahu-u4p,ğŸ˜‚ğŸ˜‚ğŸ‰ğŸ˜‚ğŸ˜‚ğŸ‰ğŸ˜‚ğŸ‰ğŸ˜‚ğŸ˜‚â¤,2024-07-29T05:13:22Z
@koustubhac318,2024,2024-07-28T14:55:40Z
@MANTAL_BABU999,#â‚¹ğŸ‰ğŸ˜‚â¤â°,2024-07-28T14:52:58Z
@ToshanDhidhi-u3q,Suparâ¤â¤,2024-07-28T13:30:24Z
@tanmoypatra9747,Sera vaia,2024-07-28T08:32:07Z
@AmreshRoy-d5g,Bhai super song bhaiâ¤â¤â¤,2024-07-28T04:35:23Z
@bablusingh9230,â¤â¤â¤â¤â¤ğŸ‰ğŸ‰ğŸ‰ğŸ‰ğŸ‰ğŸ‰ğŸ‰,2024-07-28T01:39:08Z
@Thesuperrider-t7o,Tera baap,2024-07-27T17:13:23Z
@muktabeniwal1636,2024ma,2024-07-27T07:48:35Z
@afridali4205,Tera baap,2024-07-27T04:50:45Z
@Badmash_8888,Kaun-kaun yah Jim mein gana sunta hai,2024-07-26T11:52:45Z
@parthmeshWadekar,ğŸ˜Š,2024-07-26T05:25:13Z
@SmrnDarsmrn,Aj kon kon sun rha haa ğŸ˜‚,2024-07-26T03:59:38Z
@Ajuthakur-j3s,Namkin waoâ¤â¤â¤â¤â¤,2024-07-26T03:28:42Z
@thakordipak3762,High speed car in honey Singh song,2024-07-25T10:50:42Z
@designergirl-yb6zb,Blue ğŸ”µ eyes ğŸ‘€ kiska favourite song h like kre â¤,2024-07-25T05:37:39Z
@DEVIILff,Inke song me alag hi filling hai,2024-07-24T13:35:17Z
@zbaadarshsingh,Aise hi aag lagate rahiye bro honey bro â¤â¤â¤â¤â¤â¤â¤â¤â¤ğŸ‰ğŸ‰ğŸ‰ğŸ‰ğŸ‰ğŸ‰ğŸ’¥ğŸ’¥ğŸ’¥ğŸ’¥ğŸ’¥ğŸ‘‘ğŸ‘‘ğŸ‘‘ğŸ‘‘ğŸ‘‘ğŸ‘‘ğŸ‘‘ğŸ‘‘ğŸ’ğŸ’ğŸ’•ğŸ’•ğŸ’•ğŸ’•ğŸ’•ğŸ’¥ğŸ’¥ğŸ’¥ğŸ’¥ğŸ’¥,2024-07-24T00:48:54Z
@bharatkumar-pl3xn,ğŸ˜Š,2024-07-23T13:13:59Z
@jyotisrivastava5093,Rap king ğŸ‰ğŸ‰,2024-07-23T09:49:07Z
@gurtejchakpakhi,Sexy boy,2024-07-22T15:12:10Z
@HimatBisht,ğŸ˜ƒğŸ˜ğŸ¥°ğŸ’”,2024-07-22T07:56:24Z
@itsdadlover...gudu...345,No one can replace yo yo honey Singh,2024-07-22T07:31:19Z
@ManojSingh-xc3wo,Kitne bade star kyon Na a jaaye lekin honey Singh ke tarah koi nahin â¤,2024-07-22T05:06:54Z
@crazyrider2.0-pq7jh,ğŸ¤ŸğŸ¤ŸğŸ¤ŸğŸ¤Ÿ,2024-07-21T10:51:32Z
@meenusuryavanshi6808,"Best mashup
Thank you broâ¤â¤â¤",2024-07-20T14:16:40Z
@zunairaumer9372,Nice ğŸ‘,2024-07-13T21:36:39Z
@17-ARYAN-GAMING_17,Opâ¤,2024-07-10T14:41:59Z
@Ronnie_ak,Song Achha hai but aapka face bekar hai ğŸ˜‚ğŸ˜‚ğŸ˜‚ğŸ˜‚ğŸ˜‚ğŸ˜‚ğŸ˜‚ honey singer ka,2024-06-30T04:08:57Z
@TikuDas-jw8vi,â¤â¤â¤,2024-06-25T02:06:34Z
@SonuKumar-fy2sr,Nice â¤â¤â¤â¤â¤,2024-06-21T08:50:02Z
@RupaModak-jg3ko,â¤â¤â¤â¤,2024-06-15T17:28:56Z
@bittukushwa4395,â¤â¤â¤â¤,2024-06-15T16:59:32Z
@EkamSandhu-b2k,Favourite ever....â¤â¤â¤,2024-06-15T04:35:15Z
@shortindia8686,Fhafuhsjs,2024-06-12T23:22:10Z
@shortindia8686,Dkaftcvsudfsi,2024-06-12T23:22:01Z
@shortindia8686,Foscoaiwgphws,2024-06-12T23:21:46Z
@shortindia8686,Dsjfsuvdubdjove,2024-06-12T23:21:37Z
@vitalameen5577,Fk off bro it's not a live voio ji...,2024-06-12T20:12:29Z
@AmanIslam-us3yz,Excellent ğŸ‘Œ,2024-06-12T15:40:12Z
@SandeepKumar-us6sk,"ğŸ˜…ğŸ˜…l
L 0",2024-06-12T06:28:50Z
@FurkanKhan-hf3dp,ğŸ˜‚ğŸ˜‚ğŸ˜‚ğŸ˜‚ğŸ˜‚ğŸ˜‚ğŸ˜‚ğŸ˜‚â¤â¤â¤â¤â¤â¤â¤â¤â¤â¤â¤â¤â¤ğŸ‰ğŸ‰ğŸ‰ğŸ‰ğŸ‰ğŸ‰ğŸ‰ğŸ‰ğŸ‰ğŸ‰ğŸ‰ğŸ‰ğŸ‰ğŸ‰â¤â¤â¤â¤â¤ğŸ‰ğŸ‰ğŸ‰ğŸ‰â¤â¤â¤â¤ğŸ‰ğŸ‰ğŸ‰ğŸ‰ğŸ‰ğŸ‰â¤â¤â¤â¤ğŸ˜ŠğŸ˜ŠğŸ˜ŠğŸ˜Š,2024-06-11T14:47:13Z
@PradipKumar-bi3kx,I love you jaan... Super,2024-06-10T14:39:12Z
@brijeshkatara6017,"No yoyo this is Oyo
ğŸ˜‚ğŸ˜‚",2024-06-10T09:12:28Z
@rajulohar9226,2024 kon kon dekha hai â¤â¤,2024-06-09T15:59:09Z
@BoyarDebbarma-gy9hb,You you tum hi o,2024-06-09T12:16:56Z
@MitaliDewi,Nice bob,2024-06-07T03:56:37Z
@bholasinghrai5359,ğŸ˜ğŸ˜,2024-06-06T11:11:22Z
@DhanrajBanjara-vo4pt,â¤â¤,2024-06-06T01:14:52Z
@fffactsstorage5868,Ham Haar Gayen World Cup ğŸ˜¢,2024-06-05T11:53:21Z
@TinaSinghTinaSingh,7:14,2024-06-05T05:52:17Z
@SantoshPandey-jm3zu,O ye o ye Dil kare ...â¤,2024-06-05T05:12:57Z
@MustakimAhmed-o6w,KING ğŸ‘‘YO YO HONEY SINGH ğŸ¤ŸğŸ¤Ÿâ¤ï¸,2024-06-05T03:47:58Z
@Shankarmaind2004,King of yo yo honey Singh â¤â¤â¤â¤,2024-06-05T02:36:20Z
@dee5757,Nice song ğŸ’¯ğŸ˜Š,2024-06-03T10:44:59Z
@Pruthviraj6194,â¤â¤â¤,2024-06-03T02:39:19Z
@WIZARD--LX,Yo Yo Honey Singh all rappers DADY,2024-06-02T01:24:22Z
@sunilpintu6249,Yo yo honey singhğŸ¤ŸğŸ¤Ÿ,2024-05-31T18:59:06Z
@SumitSharma-bm5tf,"â¤â¤â¤â¤â¤â¤â¤â¤â¤â¤â¤
â¤â¤â¤â¤â¤â¤â¤â¤â¤â¤â¤",2024-05-31T11:27:08Z
@gilehriits4U,No yo yo honey singh is president of all rappers,2024-05-31T09:42:40Z
@Mrtrandshorts,Opppppppp,2024-05-30T10:59:37Z
@NK_GAMER23912,Ha moj haa,2024-05-29T17:05:16Z
@ShivaPandey-uj9ti,â¤hot,2024-05-29T11:51:27Z
@Motivation-d9t,KING âˆš 1 ğŸ˜,2024-05-29T11:05:56Z
@Sagar-i7c4d,Yo yo honey singh,2024-05-28T13:40:03Z
@MK07-vlog999,".,,..lol lllllllklkkllhkh",2024-05-28T10:33:45Z
@LO-FI_EDITION_,â¤â¤â¤,2024-05-28T10:14:43Z
@MdArsad-lk6no,Yo yo honey Singh ğŸ”¥,2024-05-27T11:55:46Z
@ArifaAli-el2lw,ğŸ¥°ğŸ¥°ğŸ¥°ğŸ¥°ğŸ¥°ğŸ¥°ğŸ¥°ğŸ¥°ğŸ¥°ğŸ¥°,2024-05-27T05:53:16Z
@OkNo-gi3uv,E,2024-05-27T04:43:34Z
@KanhaiyaSahani-zs9pd,Yt,2024-05-27T01:45:56Z
@nehahemant8681,All time favourite and respect for honey sirğŸ‰,2024-05-26T14:33:56Z
@MeenuGujjjar,ğŸ˜˜ğŸ¥°ğŸ˜˜ğŸ˜˜ğŸ˜˜ğŸ˜˜ğŸ˜˜ğŸ˜˜ğŸ¥°ğŸ¥°ğŸ¥°,2024-05-26T13:41:34Z
@ManiHang-kk6oo,Op!! ğŸ˜®â¤,2024-05-26T12:03:31Z
@anjalimahar3675,Bhai kitni bhi bar sonlu per dil nahi barta â¤,2024-05-26T05:09:50Z
@rimpljeetkaur8154,you are the world'of best rapper yo yo honey Singh veer ji,2024-05-26T04:34:14Z
@kanchannakum6239,Song me kuch to baat hai â¤ğŸ˜…,2024-05-24T13:28:26Z
@udaymandal8401,Ok bay,2024-05-22T05:36:29Z
@on-bb2yv,"Gt  J, sop",2024-05-18T03:02:57Z
@on-bb2yv,G,2024-05-18T03:00:58Z
@SaleemSaleem-mj4yz,ğŸ’ğŸ˜ğŸ­ğŸ·ğŸ¸ğŸ¶ğŸ’ƒğŸ•ºğŸ‘Œ,2024-05-17T15:55:36Z
@akshaysoni4563,Bhiya yo yo gna only full sapt kro bhi ka love you bhi â¤â¤â¤â¤,2024-05-12T15:28:40Z
@MikhelToppo-yj6tw,I am honey sing loverâ¤â¤â¤,2024-05-12T13:18:09Z
@ZDXRAISTSTAR,â¤â¤â¤â¤â¤â¤â¤â¤â¤â¤â¤,2024-05-11T05:33:54Z
@mbkasbe,Any one from 2024â¤,2024-05-03T05:48:00Z
@SIRAJUDDIN-vv4yw,I want to download thisğŸ˜¢,2024-04-30T06:55:38Z
@VikasKumar-xd6bu,ğŸ˜ğŸ˜ğŸ˜ğŸ˜ğŸ˜ğŸ˜ğŸ˜ğŸ˜ğŸ˜ğŸ˜ğŸ˜ğŸ˜ğŸ˜ğŸ˜ğŸ˜ğŸ˜ğŸ˜ğŸ˜ğŸ’¯ğŸ’¯ğŸ’¯ğŸ’¯ğŸ’¯ğŸ’¯ğŸ’¯ğŸ’¯ğŸ’¯ğŸ’¯ğŸ’¯ğŸ’¯ğŸ’¯ğŸ’¯,2024-04-23T15:54:45Z
@RajRajurang-jk6dj,Naisâ¤â¤,2024-04-22T02:31:50Z
@arunblog5,â¤â¤â¤ Honey is King ğŸ‘‘â¤â¤â¤,2024-04-08T01:02:50Z
@Mustkeemali-du6gw,Very nice song â¤â¤â¤â¤,2024-04-03T09:24:25Z
@Satyamkumar62064,He is branded,2024-04-02T10:51:55Z
@AnuPower-rc9wg,ğŸ˜…ğŸ˜…ğŸ˜…ğŸ˜…,2024-03-27T15:28:00Z
@AnuPower-rc9wg,ğŸ˜…ğŸ˜…ğŸ˜…ğŸ˜…,2024-03-27T15:27:48Z
@AnuPower-rc9wg,1:24,2024-03-27T15:27:32Z
@rameshbehera9753,Yo yo honey singh mere Dil mein hai ğŸ˜…ğŸ˜…ğŸ˜…ğŸ˜…ğŸ˜ŠğŸ˜ŠğŸ˜Šâ¤â¤â¤,2024-03-19T09:22:30Z
@shashankkumarsingh6,Yo yo honey Singh,2024-03-09T09:48:19Z
@Uniqueboy-n3r,â¤,2024-03-04T00:16:06Z
@real_princeee,VIBE ğŸ’—ğŸ”¥,2024-02-28T05:04:20Z
@AfrinKhan-dl3ex,my 2 veer ji 1 is honey Singh 2 siddhu,2024-02-17T13:17:01Z
@rinkurao1003,I love you honey Singh Bhai â¤,2024-02-11T09:26:57Z
@jaudkhan3323,Jaud khanâ¤â¤â¤â¤â¤,2024-02-10T08:20:51Z
@user-jw4su8lb6,â¤â¤â¤â¤,2024-01-29T03:59:31Z
@user-jw4su8lb6,Love you bro,2024-01-29T03:59:19Z
@NetaDebnath,Raps. KiÃ±gâ¤,2024-01-19T15:09:35Z
@attitudeking5536,ğŸ’–ğŸ˜ğŸ‘,2024-01-10T18:09:33Z
@N.Mangal,Yo Yo Honey Singh Name Hee Brand Hai ğŸ”¥,2023-12-30T15:03:01Z
@ersfamily5452,â¤,2023-12-24T07:31:20Z
@aashishyadav6966,i love your rap and songs â¤â¤â¤,2023-12-19T11:29:53Z
@RohanRBakti,Nice ğŸ˜ŠğŸ‰ğŸ‰â¤,2023-12-10T03:45:26Z
@bcakastudent,Raper means chodddne wala matlab yo yo honey Singer is no 1 raper ( choddne wala )ğŸ˜‚ğŸ˜‚ğŸ˜®ğŸ˜…ğŸ˜Š,2023-11-30T15:13:38Z
@gtxMeenaJi,â¤â¤,2023-11-30T09:05:22Z
@bahrulfitness,honey singh is father of rap song,2023-11-25T07:51:42Z
@ashish_ff2375,Best raper ğŸ˜˜ my favorite â£ï¸â£ï¸â£ï¸,2023-11-08T04:46:43Z
@gangahemram7876,â¤â¤â¤â¤â¤â¤â¤,2023-11-01T10:32:35Z
@ayushshukla2542,After his song in my mind nachoğŸ•ºğŸ•ºğŸ•ºğŸ•º,2023-10-31T16:15:16Z
@Hackerevil-yh2ob,OMG ğŸ˜±ğŸ˜±ğŸ˜±ğŸ˜±ğŸ˜±ğŸ˜±ğŸ˜±ğŸ˜±ğŸ˜±ğŸ˜±ğŸ˜±ğŸ˜±ğŸ˜³ğŸ˜³ğŸ˜³ğŸ˜³ğŸ˜³ğŸ˜³ğŸ˜³ğŸ˜³ğŸ˜³ğŸ˜³,2023-10-23T06:21:44Z
@SunilkumarroyalSunilkumaryoyal,King of horey singhâ¤â¤â¤â¤â¤â¤â¤â¤,2023-10-19T05:28:36Z
@firingdeep2493,I love both siddhu and honey Singh,2023-10-15T08:04:59Z
@GudduTiwari-hy9le,Guddu ğŸ’ŒğŸ’ŒğŸ’ŒğŸ’ŒğŸ’ŒğŸ’ŒğŸ’ŒğŸ’ŒğŸ’ŒğŸ’ŒğŸ’ŒğŸ’ŒğŸ’ŒğŸ’ŒğŸ’Œ,2023-08-29T14:33:40Z
@GudduTiwari-hy9le,Tiwari the boss and I love you toğŸ’œğŸ’œğŸ’œğŸ’œğŸ’œğŸ’œğŸ’œğŸ’œğŸ’œğŸ’œğŸ’œğŸ’œğŸ’œğŸ’œğŸ’œğŸ–¤ğŸ–¤ğŸ–¤ğŸ–¤ğŸ–¤ğŸ–¤ğŸ–¤ğŸ–¤ğŸ’œğŸ’œğŸ’œğŸ’œğŸ’œğŸ’œğŸ’œğŸ’œğŸ’œğŸ’œğŸ’œğŸ’œğŸ’œğŸ’œğŸ’œğŸ’œğŸ’œğŸ’œğŸ’œğŸ–¤ğŸ–¤ğŸ–¤ğŸ–¤ğŸ–¤ğŸ–¤ğŸ–¤ğŸ–¤ğŸ–¤ğŸ–¤,2023-08-29T14:33:23Z
@maniramjam7587,Loveâ¤â¤â¤â¤,2023-08-05T12:27:59Z
@maniramjam7587,ğŸ˜ŠğŸ˜ŠğŸ˜Šâ¤â¤,2023-08-05T12:27:46Z
@maniramjam7587,â¤â¤â¤,2023-08-05T12:27:29Z
@saptarshipaul8034,Sanika Daks is so hot & sexy..,2023-08-02T07:14:41Z
@saptarshipaul8034,Sanika Daks is my rose....,2023-08-02T07:13:59Z
@RaviYadav-zv2zm,Very nice song yo yo honey Singh,2023-07-30T05:19:52Z
@Alone_BTS_Army,Yarr download ka link Diya Karo na please ğŸ˜¢ğŸ˜¢ğŸ˜¢,2023-07-28T10:53:57Z
@uvasisansari06,Nise Song â¤â¤â¤ Video,2023-07-24T13:17:26Z
@SISHU-o3w,ğŸ‰ğŸ‰ğŸ‰â¤â¤â¤â¤ iteocvut gt9fe,2023-07-21T03:19:26Z
@sujanshrestha3503,â¤ï¸â¤ï¸â¤ï¸â¤ï¸â¤ï¸â¤ï¸â¤ï¸â¤ï¸â¤ï¸â¤ï¸â¤ï¸â¤ï¸ğŸ‘ŒğŸ‘ŒğŸ‘Œ,2023-07-14T04:34:00Z
@sameerbut-f1y,who is listening this song in 2k23ğŸ˜,2023-07-08T05:50:11Z
@badrul1019,King of rapğŸ’Œ,2023-06-26T06:11:31Z
@YadavPooja-bj7ki,â¤â¤â¤â¤â¤â¤â¤â¤â¤â¤â¤,2023-06-21T17:44:29Z
@Youtubewatchers123,Where is brown rang,2023-06-20T12:47:38Z
@sudhirdas6794,The king of rapper,2023-06-18T10:37:49Z
@satbirsingh8988,Mujhe 8 saal ho gye hai ye gana sunta hu aur har bar fresh feel hota hai ki abhi 2 4 mahine purana song haiâ¤â¤â¤â¤â¤â¤â¤â¤â¤â¤yo yo honey is father of all raper in the world ğŸŒğŸ˜ğŸ¥°ğŸ¥° I love all song of honey paji and also honey paji love you,2023-06-15T07:30:50Z
@karankaran-qm5mb,Sabka baap ho sakta hai lekin sidhu moosewale ka nhi sidhu sidhu,2023-06-13T07:38:31Z
@vikasdeshwal-gi6cg,Bhai aap k I ya song chal gyağŸ˜Š,2023-06-12T14:59:08Z
@AjoyKumarBhattacharya,NICE SONG,2023-06-12T06:37:49Z
@Parasraghav830,Super star sir,2023-06-11T12:39:05Z
@susilabhati9728,I like my song,2023-06-09T06:39:36Z
@susilabhati9728,"â¤A,B, Boss ğŸ’ª",2023-06-09T06:35:44Z
@sanjitkarmokar1003,Sab ka baap hai yo yo honey Singh â¤â¤â¤,2023-06-09T04:49:15Z
@generalknowledge573,India me Rap ka badshah india me Rap ka arth logo ko batane wala,2023-06-06T08:57:47Z
@rajesharkvanshi3974,King of honey Singh ğŸ‘‘,2023-06-06T04:21:51Z
@RAHAT-KHAN346,Yo yoâ¤â¤â¤â¤,2023-06-05T18:49:21Z
@user_vipin,"0:01 love dose,",2023-06-01T14:45:21Z
@shrikantyadav8333,Best song remix Ji,2023-05-31T05:10:44Z
@Rajatanti-w9c,HAN,2023-05-29T23:22:50Z
@Rajatanti-w9c,â¤â¤â¤â¤â¤â¤ğŸ˜ŠğŸ˜ŠğŸ˜ŠğŸ˜ŠğŸ˜ŠğŸ˜ŠğŸ˜Š RAJ,2023-05-29T23:22:10Z
@rekhamourya3517,It's a Masterpiece ğŸ™Œ,2023-05-28T18:13:40Z
@vashikhan-nv7iy,Miss you yoyo honey Singh â¤â¤â¤â¤â¤â¤â¤â¤â¤,2023-05-27T01:25:44Z
@divakarbaidya3338,King ğŸ‘‘ of rapâ¤,2023-05-22T08:05:38Z
@AbhimanyuKumar-i2e,BhwjausrIat,2023-05-21T01:14:45Z
@SatbirKumar-hm1og,Honey Singh is best rapper and all songs are bests,2023-05-20T16:57:34Z
@killer_songs,Bluetooth king ğŸ‘‘ yo yo ğŸ¥µ,2023-05-20T13:03:03Z
@HemaWatti-b2t,Ye sab raper ka baap hai bolo yo yo,2023-05-18T02:03:23Z
@bhaveshbisht1234,Badsha ka baap,2023-05-17T14:05:06Z
@ShuniramTudu-x7s,Very nice â¤â¤â¤â¤,2023-05-16T03:09:54Z
@laxmichauhan7142,Kya baat hai bahut khub yaar,2023-05-15T05:00:18Z
@julfakarali6413,Yo yo honey Singh is father of all rappers,2023-05-12T17:22:13Z
@sadabaharmovies5015,â¤â¤â¤â¤â¤â¤â¤â¤,2023-05-12T12:48:30Z
@AshwantYadav-zr6oq,Love song,2023-05-10T12:08:00Z
@GaneshManepatil-o8p,Only on yo yo honey singh,2023-05-09T15:04:44Z
@nkgam3775,MC stand ğŸ‰bapp,2023-05-09T14:19:36Z
@SudhanshuBramhe,King,2023-05-08T14:44:22Z
@Estheticrup,Always depression se bahar ana ke ak 1no song,2023-05-06T02:41:56Z
@priyankaambulkar2360,If your bad . I M your dad,2023-05-05T14:38:53Z
@rupaliwaghmare7378,â€¡,2023-05-04T14:49:41Z
@crazy__659,Miss 2014 yo yo honey singh,2023-04-26T10:16:16Z
@KamleshKharadi-vo9cc,Kon kon sun raha hai 20 Apr koğŸ˜,2023-04-20T11:43:43Z
@kajalkumbhakar1971,2600 only,2023-04-20T04:06:51Z
@aryannaikshorts9841,â¤â¤â¤â¤â¤â¤â¤â¤â¤ ğŸ¤ŸğŸ¤ŸğŸ¤ŸğŸ¤ŸğŸ¤ŸğŸ¤ŸğŸ¤ŸğŸ¤Ÿ,2023-04-16T06:14:33Z
@MaheshArya-vn9kh,Nico ğŸ™ğŸŒ¹ğŸ‘Œâ¤ï¸ğŸ‘,2023-04-08T13:45:12Z
@krishnakumari7961,My favourite song ğŸ¤—ğŸ‘ŒğŸ¤—ğŸ‘Œ and my favourite singer ğŸ¤—ğŸ¤—ğŸ¤—ğŸ‘ŒğŸ‘ŒğŸ‘ŒğŸ‘ŒğŸ‘ŒğŸ‘ŒğŸ‘ŒğŸ‘ŒğŸ¥°ğŸ¥°ğŸ¥°ğŸ¥°ğŸ¥°ğŸ¥°ğŸ¥°ğŸ¥°ğŸ¥°ğŸ¥°ğŸ¥°ğŸ¥°ğŸ¥°ğŸ¥°,2023-04-03T03:25:14Z
@KkSingh-rg7ed,Amazing,2023-04-02T04:29:33Z
@ritufirajoraw,Reepar king only one yo yo,2023-04-02T03:51:22Z
@Bike_Ride_Kunu,I like You Song â¤â¤â¤â¤,2023-03-28T11:00:25Z
@ROHITãƒ¡GAMER,ğ»ğ’¾ğ’¾,2023-03-24T09:42:49Z
@amanmeena1301,bass full song create here,2023-03-23T09:57:55Z
@Ajay........1432w6,https://youtube.com/@mrlovestatus9335?feature=shares,2023-03-23T05:14:24Z
@rekhaverma8262,the best and better song of my life l am so happy to have this type...â¤,2023-03-22T03:15:34Z
@MdAlamin-hg6xn,Yti,2023-03-20T21:48:50Z
@rjmswmashupsong,Legend Are Comâ‚¬ 2023,2023-03-20T05:16:00Z
@shortsbydibyojyoti3277,Best song â¤ï¸â¤ï¸â¤ï¸â¤ï¸ğŸ˜˜ğŸ˜˜ğŸ˜˜ğŸ˜˜,2023-03-16T14:56:53Z
@akash-ko5jw,Ka ko jayegi thanks,2023-03-13T21:13:59Z
@akash-ko5jw,Who are ou,2023-03-13T21:13:26Z
@Jivurajput-xg4ye,Yo yo u r bestâ¤â¤â¤â¤â¤â¤â¤â¤â¤â¤â¤â¤â¤â¤,2023-03-13T00:53:57Z
@syedsharif5757,WowğŸ˜ğŸ˜‹ğŸ˜ğŸ˜ŠğŸ˜‰ğŸ˜ŠğŸ˜†ğŸ˜â˜ºğŸ˜ŠğŸ˜ğŸ˜ğŸ˜ğŸ™‚ğŸ˜ŠğŸ™‚ğŸ˜ŠğŸ˜ğŸ˜â˜ºâ˜ºğŸ˜‚â˜ºğŸ˜wow king bolo â¤ğŸ’“ğŸ’”ğŸ’•ğŸ’–ğŸ’—ğŸ’ğŸ’”ğŸ’•ğŸ’“ğŸ’”ğŸ’”ğŸ’‹ğŸ‘…ğŸ’•ğŸ’•ğŸ’”ğŸ’‹â¤ğŸ’˜ğŸ’–ğŸ’”ğŸ’•ğŸ’‹ğŸ’—ğŸ’”ğŸ’–ğŸ’‹ğŸ‘…ğŸ’–,2023-03-04T14:20:12Z
@sunnykumarchandravanshi8112,ğŸ˜’ğŸ˜’,2023-03-03T06:24:28Z
@HR-zp1dj,"Frm... 

HR...... 1/3/2023....
Today.. 



I.... Win.... Timing:6:18.... Pm....",2023-03-01T12:48:35Z
@renupatra2935,I love your rap and songs,2023-03-01T08:02:25Z
@soiabkhan004,"Gj,",2023-02-25T04:31:59Z
@sashbedpuri6442,Always yo yo paji rock ğŸ¤˜ğŸ”¥,2023-02-25T03:48:08Z
@AmanKumar-rg8xo,O,2023-02-24T11:37:02Z
@devraymagiya8861,Nice,2023-02-20T23:51:42Z
@fokkry8361,That is biggest rapids for hanny sing,2023-02-20T09:44:22Z
@Raja18532,Yo yo honey Singh song is spure is op Big fan,2023-02-15T15:37:12Z
@sonusrivastav5545,Brown rung my favourite song ğŸ˜˜,2023-02-12T08:12:46Z
@gulshanmeena664,Good song,2023-02-10T06:59:24Z
@pruthvirajkadam2640,Legend Sidhu paji,2023-02-07T03:21:30Z
@mishraayushman967,"Try this
https://youtu.be/qtogX3rgmHQ
Then reply me",2023-02-04T05:06:28Z
@SonuSonu-54321,Supar sony,2023-02-03T14:11:34Z
@sadirulsk628,SadirulSKğŸ’”ğŸ’”ğŸ’”ğŸ’”ğŸ’”ğŸ’”â¤â¤â¤,2023-02-01T08:24:11Z
@poonamtiwari941,Always favourite rap song,2023-02-01T08:22:26Z
@mamonikalindi4477,Honey Singh song ilike this,2023-02-01T00:16:12Z
@HR-zp1dj,HR yoyo honey great,2023-01-31T04:33:52Z
@sukdevparihar4978,niceâ™¥ï¸â™¥ï¸â™¥ï¸â™¥ï¸,2023-01-29T10:37:33Z
@sundeepauchoybur384,The BOSS is BACK ğŸ˜›ğŸ˜›,2023-01-29T10:12:20Z
@nikhilvasave407,honey singh sir legend,2023-01-28T11:38:21Z
@manavaraalikhan5323,ğŸ˜‰ğŸ¥³ğŸ¥³ğŸ¥³,2023-01-28T06:12:08Z
@BaghelBharati,Best song â¤ï¸â¤ï¸â¤ï¸â¤ï¸â¤ï¸ğŸ˜˜ğŸ˜˜ğŸ˜˜,2023-01-27T12:42:55Z
@harshac5631,Love does song this no,2023-01-27T08:38:14Z
@rajeshgujarati8810,Aach upar only one room tha 30 number,2023-01-22T09:09:48Z
@rajeshgujarati8810,Koi nai baat nahi mere liya after 42 yera es hi jiya ho,2023-01-22T09:08:38Z
@MadhuKwatra,Bro brown rung,2023-01-19T05:44:40Z
@hindiromanticloves7118,"Dear parents: Just because your child is smiling at their phone, doesn't mean they have a boyfriend or girlfriend, they are watching this masterpiece!",2023-01-17T14:29:06Z
@julidutta4161,Ye honey singh sahiye 2023 mee,2023-01-16T04:15:07Z
@Ajmalkhansager78,Pakistan âœŒï¸ğŸ˜,2023-01-15T09:40:47Z
@toxicboy8396,Legend is back,2023-01-15T09:21:48Z
@romesroy8350,saddamAK ğŸ‘ğŸ»ğŸ‘ I love,2023-01-14T02:43:23Z
@OPMAcousticSongs66,"Don't know if someone is reading this, but if you are: You are amazing and beautiful! I believe in you! â¤",2023-01-12T09:12:40Z
@BollywoodDeep,"Dear parents: Just because your child is smiling at their phone, doesn't mean they have a boyfriend or girlfriend, they are watching this masterpiece!",2023-01-10T06:26:21Z
@bishnumudi1495,nice,2023-01-07T07:27:16Z
@sankarmaharana6977,hiii,2023-01-07T02:07:33Z
@ajjubhai-od5hx,Hii,2023-01-03T08:23:11Z
@kamalnarayanverma1360,ğŸ˜­ğŸ˜­ğŸ˜­ğŸ˜­,2023-01-03T00:58:59Z
@mahadebdas6087,Maha deb DebDas daS,2023-01-02T11:24:24Z
